community,rank,hashtag,count
966,1,esperanto,186
966,2,caturday,120
966,3,catsofmastodon,91
966,4,viernesdeescritorio,87
966,5,mastodon,82
966,6,art,77
966,7,music,70
966,8,català,64
966,9,podcast,64
966,10,linux,54
966,11,humor,51
966,12,books,50
966,13,cats,49
966,14,divendresdescriptori,46
966,15,nature,44
1071,1,mlp,922
1071,2,mylittlepony,381
1071,3,art,347
1071,4,pony,277
1071,5,brony,265
1071,6,mlpfim,244
1071,7,mlpart,159
1071,8,oc,134
1071,9,digitalart,113
1071,10,mastoart,103
1071,11,nsfw,103
1071,12,mlpoc,93
1071,13,mlpg5,80
1071,14,furry,73
1071,15,fanart,58
1357,1,loli,9512
1357,2,shota,6629
1357,3,nsfw,6551
1357,4,lolicon,3062
1357,5,3d,2558
1357,6,furry,2295
1357,7,shotacon,2235
1357,8,oc,1990
1357,9,ロリ,1475
1357,10,rule34,1356
1357,11,cub,1346
1357,12,pixiv,1335
1357,13,3dcg,1305
1357,14,pixivsketch,1302
1357,15,r18,1195
3293,1,photography,420
3293,2,photo,338
3293,3,vendredilecture,295
3293,4,art,292
3293,5,opensource,229
3293,6,caturday,208
3293,7,mastoart,208
3293,8,openstreetmap,187
3293,9,photographie,187
3293,10,france,186
3293,11,macron,185
3293,12,gamedev,183
3293,13,mastolivre,181
3293,14,linux,179
3293,15,lyon,178
4943,1,סיפורונובמבר,22
4943,2,nowplaying,20
4943,3,בואולפריפריה,16
4943,4,vinyl,15
4943,5,caturday,13
4943,6,סיפורון,13
4943,7,dogsofmastodon,12
4943,8,פיד_פואטי,12
4943,9,פיד_ויניל,12
4943,10,חתול_אחד_ביום,11
4943,11,dogs,11
4943,12,photography,8
4943,13,בוקרטוב,8
4943,14,הבינה_לשיפוטכם,8
4943,15,פיד_מוזיקה,8
