community,rank,term,tfidf_score
966,1,del,0.5337652892957596
966,2,una,0.3888116268875991
966,3,los,0.2836586460063291
966,4,por,0.27475456294783446
966,5,para,0.2713625313065032
966,6,amb,0.2459144420821558
966,7,este,0.13601193833679728
966,8,como,0.13457538455332185
966,9,sobre,0.11844649951322334
966,10,esta,0.09958016913944087
966,11,dels,0.0989729729861516
966,12,hoy,0.08622185376707685
966,13,ser,0.08379306915391975
966,14,avui,0.07529232300786992
966,15,nos,0.07409206565295248
1071,1,mlp,0.5744413411560766
1071,2,pony,0.5741168151458167
1071,3,mylittlepony,0.25815991016623974
1071,4,brony,0.202674795145436
1071,5,mlpfim,0.16568471846490013
1071,6,derpibooru,0.1117408566391187
1071,7,mlp mylittlepony,0.0970989512864066
1071,8,commission,0.09094348552236255
1071,9,ych,0.08939268531129496
1071,10,drawing,0.07264716299123636
1071,11,ponies,0.06908648646420519
1071,12,mlpoc,0.06473263419093774
1071,13,horse,0.06242075439840424
1071,14,furry,0.05885145143247109
1071,15,digitalart,0.053812713326841746
1357,1,pixiv,0.45301928133718106
1357,2,fanbox,0.3347862271420377
1357,3,pixiv net,0.30616138244216085
1357,4,commission,0.2563765005822276
1357,5,net media,0.2489116930424072
1357,6,furry,0.2004206146283582
1357,7,www pixiv,0.18543921131659338
1357,8,sketch,0.16425477494929158
1357,9,net artworks,0.14810245736023228
1357,10,artworks,0.12810389800987845
1357,11,subscribestar,0.1244558465212036
1357,12,cum,0.11823305419514342
1357,13,rule34,0.10578746954302307
1357,14,drawing,0.10428874599955021
1357,15,fanbox posts,0.09209732642569067
3293,1,pour,0.4344439247615743
3293,2,des,0.3918262225159095
3293,3,une,0.3473743725728815
3293,4,pas,0.2729585269306424
3293,5,sur,0.26003473758170964
3293,6,dans,0.2289718327453512
3293,7,qui,0.22354881565401397
3293,8,vous,0.20607464947081608
3293,9,avec,0.18046595765061232
3293,10,mais,0.11024864605072485
3293,11,aux,0.10089924287572984
3293,12,cette,0.09400325145616557
3293,13,sont,0.09073672920479302
3293,14,fait,0.08947978200706488
3293,15,nous,0.08917850327976837
4943,1,federated,0.2609560016113926
4943,2,instances,0.24852952534418343
4943,3,vinyl,0.19882362027534672
4943,4,caturday,0.1615441914737192
4943,5,spotify,0.1568031537846528
4943,6,dogsofmastodon,0.14911771520651004
4943,7,dogs,0.14911771520651004
4943,8,spotify com,0.13589606661336576
4943,9,open spotify,0.1254425230277222
4943,10,israeli,0.12426476267209172
4943,11,com episode,0.11976023102809641
4943,12,prog,0.11183828640488253
4943,13,https open,0.1045354358564352
4943,14,progrock,0.0898201732710723
4943,15,episode https,0.0898201732710723
