scenario_1,scenario_2,spearman_rho,p_value
score_Current_35_35_15_15,score_Equal_25_25_25_25,0.9681372549019608,1.9909901926022037e-10
score_Current_35_35_15_15,score_Structure_Heavy_40_30_15_15,0.9509803921568628,4.79175684831835e-09
score_Current_35_35_15_15,score_Content_Heavy_30_40_15_15,0.9877450980392157,1.6270834281737138e-13
score_Equal_25_25_25_25,score_Structure_Heavy_40_30_15_15,0.9362745098039217,3.283418789027882e-08
score_Equal_25_25_25_25,score_Content_Heavy_30_40_15_15,0.9558823529411765,2.205647902228159e-09
score_Structure_Heavy_40_30_15_15,score_Content_Heavy_30_40_15_15,0.9215686274509804,1.4920818798127238e-07
community_size,,-0.08823529411764706,0.7363051515421217
post_count,,-0.04656862745098039,0.8591333762840924
active_users,,-0.08823529411764706,0.7363051515421217
