rank,community,community_size,internal_edges,external_outgoing_edges,external_incoming_edges,total_outgoing_edges,total_incoming_edges,internal_edge_ratio,external_edge_ratio,structural_isolation,conductance,internal_density,post_count,active_users,posts_per_user,active_months,temporal_persistence,content_similarity_to_others,max_content_similarity,within_content_similarity,content_sample_size,structural_isolation_norm,content_similarity_norm,temporal_persistence_norm,internal_density_norm,echo_chamber_strength,echo_chamber_level
1,3293,4377,96836,25428,13670,122264,110506,0.7920238173133547,0.2079761826866453,0.7920238173133547,0.1679683808050865,0.0050557196313286,49309.0,4278.0,11.526180458158018,91.0,0.978494623655914,0.2378874623701716,0.3054304602013242,0.1681805179839499,5000.0,0.7920238173133547,1.0,0.9891304347826088,0.0050557196313286,0.7763362592217646,High
2,966,1303,16460,5221,2927,21681,19387,0.7591900742585674,0.2408099257414326,0.7591900742585674,0.1984026492646342,0.0097022940089808,14265.0,1268.0,11.25,81.0,0.8709677419354839,0.2101552546420979,0.5207193556181519,0.1534962868020416,5000.0,0.7591900742585674,0.9126876801312408,0.8804347826086957,0.0097022940089808,0.7186777755290842,Medium
3,4685,1541,28391,9975,5276,38366,33667,0.7400041703591722,0.2599958296408278,0.7400041703591722,0.2117224050088154,0.0119634745527023,16658.0,1521.0,10.952005259697568,74.0,0.7956989247311828,0.2830456572956819,0.3747460021909912,0.1498917951415871,5000.0,0.7400041703591722,0.8912554018646314,0.8043478260869564,0.0119634745527023,0.69338754537428,Medium
4,5291,6099,166800,50932,33978,217732,200778,0.7660794003637499,0.23392059963625,0.7660794003637499,0.2028864304317698,0.0044848713834069,74212.0,6046.0,12.274561693681774,91.0,0.978494623655914,0.2933554319311548,0.3914526489817593,0.1261888272649426,5000.0,0.7660794003637499,0.7503177465358107,0.9891304347826088,0.0044848713834069,0.6797812973397485,Medium
5,1357,5892,165009,687,797,165696,165806,0.995853852838934,0.004146147161066,0.995853852838934,0.0044765944096868,0.0047539638116896,75391.0,5776.0,13.052458448753464,91.0,0.978494623655914,0.3056038091790197,0.5134531698823309,0.0855166295871911,5000.0,0.995853852838934,0.5084811880253117,0.9891304347826088,0.0047539638116896,0.6755999240916307,Medium
6,3851,8736,133379,32495,47685,165874,181064,0.8040982914742515,0.1959017085257484,0.8040982914742515,0.2311075754169332,0.001747881244876,102920.0,8689.0,11.844861318908965,91.0,0.978494623655914,0.3798954262093912,0.5960509267281172,0.1150819356670942,5000.0,0.8040982914742515,0.6842762589069739,0.9891304347826088,0.001747881244876,0.6695628400375516,Medium
7,4943,334,8045,955,270,9000,8315,0.8938888888888888,0.1061111111111111,0.8938888888888888,0.0707479064395033,0.0723328118537699,3170.0,330.0,9.606060606060606,45.0,0.4838709677419355,0.2027902108946179,0.2653532064710145,0.1306364174711439,3170.0,0.8938888888888888,0.7767630819380107,0.4891304347826087,0.0723328118537699,0.6689476767848717,Medium
8,136,4292,65738,11403,8860,77141,74598,0.8521797746982798,0.1478202253017202,0.8521797746982798,0.1335385102050231,0.0035694249847369,49528.0,4241.0,11.678377741098798,85.0,0.913978494623656,0.3768979685322119,0.5960509267281172,0.1097000572417416,5000.0,0.8521797746982798,0.6522756533084927,0.9239130434782608,0.0035694249847369,0.66568177007182,Medium
9,3522,4378,178444,42285,42642,220729,221086,0.808430247045019,0.191569752954981,0.808430247045019,0.1922229892602107,0.0093121432029819,38051.0,4310.0,8.828538283062645,85.0,0.913978494623656,0.3896284162081135,0.6197583111630411,0.1116320071857035,5000.0,0.808430247045019,0.663763012053257,0.9239130434782608,0.0093121432029819,0.655251418686583,Medium
10,1071,545,8947,1057,781,10004,9728,0.8943422630947621,0.1056577369052379,0.8943422630947621,0.0931481856882221,0.0301774150026983,5581.0,540.0,10.335185185185184,64.0,0.6881720430107527,0.3739560997355933,0.5902222814947264,0.1098529429625319,5000.0,0.8943422630947621,0.6531847105680552,0.6956521739130436,0.0301774150026983,0.6505088791193473,Medium
11,4343,8824,175446,66978,79162,242424,254608,0.7237154737154737,0.2762845262845262,0.7237154737154737,0.2940253343849088,0.0022535214306874,100298.0,8723.0,11.498108448928122,92.0,0.989247311827957,0.3968769315105055,0.5905129775663117,0.1154949822927441,5000.0,0.7237154737154737,0.6867322308031321,1.0,0.0022535214306874,0.6439947247961152,Medium
12,630,1322,25522,10994,9105,36516,34627,0.698926497973491,0.3010735020265089,0.698926497973491,0.2825154969568334,0.0146143812107684,11737.0,1314.0,8.932267884322679,82.0,0.8817204301075269,0.3920524258873107,0.6089695843275187,0.1174230263910555,5000.0,0.698926497973491,0.6981963654212411,0.8913043478260869,0.0146143812107684,0.6248808115436845,Medium
13,4581,877,16048,4681,1875,20729,17923,0.7741810989435091,0.2258189010564909,0.7741810989435091,0.1696160612646176,0.0208889791370539,8726.0,868.0,10.05299539170507,56.0,0.6021505376344086,0.2866164646044666,0.3847957507831711,0.1178034658281551,5000.0,0.7741810989435091,0.7004584552379461,0.6086956521739131,0.0208889791370539,0.6105615386601544,Medium
14,4608,419,9308,2763,1255,12071,10563,0.7711042995609312,0.2288957004390688,0.7711042995609312,0.1775205443138641,0.0531454476938712,4679.0,411.0,11.384428223844282,53.0,0.5698924731182796,0.2544889732172416,0.5207193556181519,0.1135530894596121,4679.0,0.7711042995609312,0.6751857517197621,0.5760869565217391,0.0531454476938712,0.6005863785805842,Medium
15,5089,7329,83829,58963,77904,142792,161733,0.587070704241134,0.412929295758866,0.587070704241134,0.4494442164025942,0.0015608605462179,81676.0,7275.0,11.226941580756014,91.0,0.978494623655914,0.3980583145621756,0.6197583111630411,0.1061718914667411,5000.0,0.587070704241134,0.6312972081396108,0.9891304347826088,0.0015608605462179,0.5750324636325846,Medium
16,1608,963,5480,1670,508,7150,5988,0.7664335664335664,0.2335664335664335,0.7664335664335664,0.1657786573298827,0.0059153330181367,11114.0,946.0,11.748414376321351,88.0,0.946236559139785,0.2122671499612375,0.2791504111760426,0.0656263719904731,5000.0,0.7664335664335664,0.390213877190794,0.9565217391304348,0.0059153330181367,0.5491921660908119,Medium
17,1702,1377,11410,1122,869,12532,12279,0.9104691988509416,0.0895308011490584,0.9104691988509416,0.0802466647857805,0.0060218962692742,18355.0,1370.0,13.397810218978105,91.0,0.978494623655914,0.1334870027470316,0.1639602000387815,0.0290921404544458,5000.0,0.9104691988509416,0.1729816318987804,0.9891304347826088,0.0060218962692742,0.5284806404201852,Medium
