final_rank,community,community_size,post_count,active_users,internal_edge_ratio,conductance,internal_density,within_content_similarity,content_similarity_to_others,temporal_persistence,structure_score,content_score,temporal_score,density_score,final_echo_chamber_strength,final_echo_chamber_level
1,3293,4377,49309.0,4278.0,0.7920238173133547,0.1679683808050865,0.0050557196313286,0.1681805179839499,0.2378874623701716,0.978494623655914,0.5013736837617864,1.0,0.9787234042553191,0.04938198001526302,0.6796965969572125,Medium
2,4943,334,3170.0,330.0,0.8938888888888888,0.0707479064395033,0.0723328118537699,0.1306364174711439,0.2027902108946179,0.4838709677419355,0.7505646592825478,0.7300701814222978,0.0,1.0,0.6682221942466959,Medium
3,1357,5892,75391.0,5776.0,0.995853852838934,0.0044765944096868,0.0047539638116896,0.0855166295871911,0.3056038091790197,0.978494623655914,1.0,0.4056736453107037,0.9787234042553191,0.04511820299535768,0.6455620169463478,Medium
4,966,1303,14265.0,1268.0,0.7591900742585674,0.1984026492646342,0.0097022940089808,0.1534962868020416,0.2101552546420979,0.8709677419354839,0.42105299743356345,0.89442517453485,0.7659574468085106,0.11503757226337968,0.5925666130497284,Medium
5,1071,545,5581.0,540.0,0.8943422630947621,0.0931481856882221,0.0301774150026983,0.1098529429625319,0.3739560997355933,0.6881720430107527,0.751673741707859,0.5806437888094188,0.40425531914893625,0.40434881231580166,0.5876017554007579,Medium
6,136,4292,49528.0,4241.0,0.8521797746982798,0.1335385102050231,0.0035694249847369,0.1097000572417416,0.3768979685322119,0.913978494623656,0.6485322875136066,0.5795445904183968,0.8510638297872342,0.02838079777948228,0.5617436014112086,Medium
7,5291,6099,74212.0,6046.0,0.7660794003637499,0.2028864304317698,0.0044848713834069,0.1261888272649426,0.2933554319311548,0.978494623655914,0.43790625111785564,0.6980934606840186,0.9787234042553191,0.04131595615446853,0.5506058031921242,Medium
8,4685,1541,16658.0,1521.0,0.7400041703591722,0.2117224050088154,0.0119634745527023,0.1498917951415871,0.2830456572956819,0.7956989247311828,0.3741188124868347,0.8685100569349635,0.6170212765957446,0.14698780822473026,0.5495214670207006,Medium
9,3851,8736,102920.0,8689.0,0.8040982914742515,0.2311075754169332,0.001747881244876,0.1150819356670942,0.3798954262093912,0.978494623655914,0.5309112862835988,0.6182385382589414,0.9787234042553191,0.002642582198212519,0.5494073365579188,Medium
10,3522,4378,38051.0,4310.0,0.808430247045019,0.1922229892602107,0.0093121432029819,0.1116320071857035,0.3896284162081135,0.913978494623656,0.5415084833197948,0.593434679427107,0.8510638297872342,0.10952478366859542,0.5413183989797901,Medium
