community,community_size,post_count,active_users,internal_edge_ratio,conductance,internal_density,within_content_similarity,content_similarity_to_others,temporal_persistence,echo_chamber_strength,echo_chamber_level
3293,4377,49309.0,4278.0,0.7920238173133547,0.16796838080508655,0.005055719631328629,0.1681805179839499,0.2378874623701716,0.978494623655914,0.7763362592217646,High
966,1303,14265.0,1268.0,0.7591900742585674,0.19840264926463427,0.009702294008980811,0.15349628680204164,0.21015525464209794,0.8709677419354839,0.7186777755290842,Medium
4685,1541,16658.0,1521.0,0.7400041703591722,0.2117224050088154,0.011963474552702327,0.14989179514158713,0.2830456572956819,0.7956989247311828,0.69338754537428,Medium
5291,6099,74212.0,6046.0,0.7660794003637499,0.20288643043176985,0.004484871383406976,0.12618882726494268,0.2933554319311548,0.978494623655914,0.6797812973397485,Medium
1357,5892,75391.0,5776.0,0.9958538528389339,0.00447659440968682,0.004753963811689688,0.08551662958719115,0.3056038091790197,0.978494623655914,0.6755999240916307,Medium
3851,8736,102920.0,8689.0,0.8040982914742515,0.23110757541693328,0.001747881244876093,0.11508193566709428,0.37989542620939126,0.978494623655914,0.6695628400375516,Medium
4943,334,3170.0,330.0,0.8938888888888888,0.07074790643950332,0.07233281185376994,0.13063641747114396,0.20279021089461796,0.4838709677419355,0.6689476767848717,Medium
136,4292,49528.0,4241.0,0.8521797746982798,0.1335385102050231,0.0035694249847369047,0.10970005724174162,0.37689796853221197,0.9139784946236559,0.66568177007182,Medium
3522,4378,38051.0,4310.0,0.808430247045019,0.19222298926021072,0.009312143202981906,0.11163200718570356,0.3896284162081135,0.9139784946236559,0.655251418686583,Medium
1071,545,5581.0,540.0,0.8943422630947621,0.09314818568822218,0.030177415002698327,0.10985294296253191,0.3739560997355933,0.6881720430107527,0.6505088791193473,Medium
4343,8824,100298.0,8723.0,0.7237154737154737,0.2940253343849088,0.002253521430687473,0.11549498229274419,0.3968769315105055,0.989247311827957,0.6439947247961152,Medium
630,1322,11737.0,1314.0,0.698926497973491,0.2825154969568334,0.014614381210768444,0.1174230263910555,0.39205242588731076,0.8817204301075269,0.6248808115436845,Medium
4581,877,8726.0,868.0,0.7741810989435091,0.16961606126461762,0.020888979137053988,0.11780346582815517,0.28661646460446666,0.6021505376344086,0.6105615386601544,Medium
4608,419,4679.0,411.0,0.7711042995609312,0.1775205443138641,0.05314544769387126,0.11355308945961218,0.2544889732172416,0.5698924731182796,0.6005863785805842,Medium
5089,7329,81676.0,7275.0,0.587070704241134,0.4494442164025942,0.0015608605462179618,0.10617189146674118,0.39805831456217566,0.978494623655914,0.5750324636325846,Medium
1608,963,11114.0,946.0,0.7664335664335664,0.16577865732988278,0.005915333018136756,0.06562637199047315,0.21226714996123752,0.946236559139785,0.5491921660908119,Medium
1702,1377,18355.0,1370.0,0.9104691988509416,0.0802466647857805,0.00602189626927429,0.029092140454445848,0.13348700274703162,0.978494623655914,0.5284806404201852,Medium
3120,2,36.0,2.0,1.0,0.0,1.0,0.0,0.0,0.1827956989247312,0.5277173913043478,Medium
3484,2,22.0,2.0,1.0,0.0,1.0,0.0,0.0,0.0967741935483871,0.5146739130434782,Medium
56,2,12.0,2.0,1.0,0.0,1.0,0.0,0.0,0.06451612903225806,0.5097826086956522,Medium
